{"cameraMode":{"drawMode":0,"name":"Shaded","section":"Shading Mode"},"sceneLighting":false,"audioPlay":false,"sceneViewState":{"showFog":true,"showMaterialUpdate":true,"showSkybox":true,"showFlares":true,"showImageEffects":true,"showParticleSystems":true},"in2DMode":false,"pivot":{"x":-2.239727020263672,"y":8.240361213684082,"z":-29.22055435180664},"rotation":{"x":-0.004021447617560625,"y":-0.95061856508255,"z":0.3100908398628235,"w":-0.012327883392572403},"size":1.670499563217163,"orthographic":false}