{"cameraMode":{"drawMode":0,"name":"Shaded","section":"Shading Mode"},"sceneLighting":false,"audioPlay":false,"sceneViewState":{"showFog":true,"showMaterialUpdate":true,"showSkybox":true,"showFlares":true,"showImageEffects":true,"showParticleSystems":true},"in2DMode":false,"pivot":{"x":43.709999084472659,"y":1.0360000133514405,"z":46.29899978637695},"rotation":{"x":0.03625698760151863,"y":-0.9626666307449341,"z":0.1650666445493698,"w":0.21145085990428925},"size":3.791414976119995,"orthographic":false}