{"cameraMode":{"drawMode":0,"name":"Shaded","section":"Shading Mode"},"sceneLighting":false,"audioPlay":false,"sceneViewState":{"showFog":true,"showMaterialUpdate":true,"showSkybox":true,"showFlares":true,"showImageEffects":true,"showParticleSystems":true},"in2DMode":false,"pivot":{"x":35.99003982543945,"y":-0.5640544891357422,"z":49.97247314453125},"rotation":{"x":-0.13853693008422852,"y":0.7459940910339356,"z":-0.16393569111824037,"w":-0.6304169297218323},"size":14.177639961242676,"orthographic":false}