{"cameraMode":{"drawMode":0,"name":"Shaded","section":"Shading Mode"},"sceneLighting":false,"audioPlay":false,"sceneViewState":{"showFog":true,"showMaterialUpdate":true,"showSkybox":false,"showFlares":true,"showImageEffects":true,"showParticleSystems":true},"in2DMode":false,"pivot":{"x":-0.7738101482391357,"y":0.3687107563018799,"z":0.5562794208526611},"rotation":{"x":-0.06672398000955582,"y":0.9260015487670898,"z":-0.315954327583313,"w":-0.19555549323558808},"size":3.606386423110962,"orthographic":false}