{"cameraMode":{"drawMode":0,"name":"Shaded","section":"Shading Mode"},"sceneLighting":false,"audioPlay":false,"sceneViewState":{"showFog":true,"showMaterialUpdate":true,"showSkybox":true,"showFlares":true,"showImageEffects":true,"showParticleSystems":true},"in2DMode":false,"pivot":{"x":41.49346923828125,"y":1.534501552581787,"z":46.561683654785159},"rotation":{"x":-0.06558539718389511,"y":0.9137473702430725,"z":-0.163739413022995,"w":-0.36599695682525637},"size":8.504434585571289,"orthographic":false}