{"cameraMode":{"drawMode":0,"name":"Shaded","section":"Shading Mode"},"sceneLighting":true,"audioPlay":false,"sceneViewState":{"showFog":true,"showMaterialUpdate":true,"showSkybox":true,"showFlares":true,"showImageEffects":true,"showParticleSystems":true},"in2DMode":false,"pivot":{"x":-2.1663529872894289,"y":3.0029497146606447,"z":-4.241674423217773},"rotation":{"x":0.01130724884569645,"y":0.9820650219917297,"z":-0.177501380443573,"w":0.06255995482206345},"size":19.866073608398439,"orthographic":false}