{"cameraMode":{"drawMode":0,"name":"Shaded","section":"Shading Mode"},"sceneLighting":true,"audioPlay":false,"sceneViewState":{"showFog":true,"showMaterialUpdate":true,"showSkybox":true,"showFlares":true,"showImageEffects":true,"showParticleSystems":true},"in2DMode":false,"pivot":{"x":24.354129791259767,"y":8.323432922363282,"z":31.200889587402345},"rotation":{"x":0.06646524369716644,"y":-0.9333007335662842,"z":0.26012226939201357,"w":0.23847141861915589},"size":90.03897094726563,"orthographic":false}