{"cameraMode":{"drawMode":0,"name":"Shaded","section":"Shading Mode"},"sceneLighting":true,"audioPlay":false,"sceneViewState":{"showFog":true,"showMaterialUpdate":true,"showSkybox":true,"showFlares":true,"showImageEffects":true,"showParticleSystems":true},"in2DMode":false,"pivot":{"x":35.3880500793457,"y":3.6137046813964845,"z":49.668373107910159},"rotation":{"x":0.09559240192174912,"y":-0.7752676010131836,"z":0.12099061161279679,"w":0.6125223636627197},"size":34.76893615722656,"orthographic":false}