{"cameraMode":{"drawMode":0,"name":"Shaded","section":"Shading Mode"},"sceneLighting":true,"audioPlay":false,"sceneViewState":{"showFog":true,"showMaterialUpdate":true,"showSkybox":true,"showFlares":true,"showImageEffects":true,"showParticleSystems":true},"in2DMode":false,"pivot":{"x":-5.866369247436523,"y":8.272214889526368,"z":-13.447831153869629},"rotation":{"x":0.30023151636123659,"y":-0.5484299063682556,"z":0.219885915517807,"w":0.7488230466842651},"size":1.5548110008239747,"orthographic":false}