{"cameraMode":{"drawMode":0,"name":"Shaded","section":"Shading Mode"},"sceneLighting":false,"audioPlay":false,"sceneViewState":{"showFog":true,"showMaterialUpdate":true,"showSkybox":false,"showFlares":true,"showImageEffects":true,"showParticleSystems":true},"in2DMode":false,"pivot":{"x":-0.3977445363998413,"y":-0.1265874058008194,"z":0.0077600181102752689},"rotation":{"x":-0.19545429944992066,"y":0.6904723048210144,"z":-0.20252862572669984,"w":-0.6663541793823242},"size":3.1851420402526857,"orthographic":false}