{"cameraMode":{"drawMode":0,"name":"Shaded","section":"Shading Mode"},"sceneLighting":true,"audioPlay":false,"sceneViewState":{"showFog":true,"showMaterialUpdate":true,"showSkybox":true,"showFlares":true,"showImageEffects":true,"showParticleSystems":true},"in2DMode":false,"pivot":{"x":35.869998931884769,"y":2.1500000953674318,"z":45.84000015258789},"rotation":{"x":-0.08870847523212433,"y":-0.7689879536628723,"z":0.10939856618642807,"w":-0.6235545873641968},"size":14.359003067016602,"orthographic":false}