{"cameraMode":{"drawMode":0,"name":"Shaded","section":"Shading Mode"},"sceneLighting":false,"audioPlay":false,"sceneViewState":{"showFog":true,"showMaterialUpdate":true,"showSkybox":false,"showFlares":true,"showImageEffects":true,"showParticleSystems":true},"in2DMode":false,"pivot":{"x":-1.0756559371948243,"y":-0.7333059310913086,"z":0.667014479637146},"rotation":{"x":-0.1723819077014923,"y":0.5954741835594177,"z":-0.13273225724697114,"w":-0.7733545303344727},"size":4.613738536834717,"orthographic":false}