{"cameraMode":{"drawMode":0,"name":"Shaded","section":"Shading Mode"},"sceneLighting":false,"audioPlay":false,"sceneViewState":{"showFog":true,"showMaterialUpdate":true,"showSkybox":false,"showFlares":true,"showImageEffects":true,"showParticleSystems":true},"in2DMode":false,"pivot":{"x":-9.380000114440918,"y":30.583606719970704,"z":45.40999984741211},"rotation":{"x":0.006357990670949221,"y":-0.9934588670730591,"z":0.07046838104724884,"w":0.08962926268577576},"size":1.8154218196868897,"orthographic":false}