{"cameraMode":{"drawMode":0,"name":"Shaded","section":"Shading Mode"},"sceneLighting":false,"audioPlay":false,"sceneViewState":{"showFog":true,"showMaterialUpdate":true,"showSkybox":true,"showFlares":true,"showImageEffects":true,"showParticleSystems":true},"in2DMode":false,"pivot":{"x":35.885135650634769,"y":0.6768641471862793,"z":47.156333923339847},"rotation":{"x":-0.13853693008422852,"y":0.7459940910339356,"z":-0.16393569111824037,"w":-0.6304169297218323},"size":14.77796459197998,"orthographic":false}