{"cameraMode":{"drawMode":0,"name":"Shaded","section":"Shading Mode"},"sceneLighting":true,"audioPlay":false,"sceneViewState":{"showFog":true,"showMaterialUpdate":false,"showSkybox":true,"showFlares":true,"showImageEffects":true,"showParticleSystems":true},"in2DMode":false,"pivot":{"x":-2.6227879524230959,"y":8.338146209716797,"z":4.219269275665283},"rotation":{"x":0.08550187945365906,"y":0.906906008720398,"z":-0.22367770969867707,"w":0.34666886925697329},"size":10.654029846191407,"orthographic":false}