{"cameraMode":{"drawMode":0,"name":"Shaded","section":"Shading Mode"},"sceneLighting":true,"audioPlay":false,"sceneViewState":{"showFog":true,"showMaterialUpdate":true,"showSkybox":true,"showFlares":true,"showImageEffects":true,"showParticleSystems":true},"in2DMode":false,"pivot":{"x":15.218355178833008,"y":16.84911346435547,"z":10.241706848144532},"rotation":{"x":0.05650083348155022,"y":0.16452501714229585,"z":-0.009440375491976738,"w":0.9847081303596497},"size":62.50889205932617,"orthographic":false}