{"cameraMode":{"drawMode":0,"name":"Shaded","section":"Shading Mode"},"sceneLighting":true,"audioPlay":false,"sceneViewState":{"showFog":true,"showMaterialUpdate":true,"showSkybox":true,"showFlares":true,"showImageEffects":true,"showParticleSystems":true},"in2DMode":false,"pivot":{"x":-0.6973583102226257,"y":3.6615097522735597,"z":3.9194037914276125},"rotation":{"x":0.0007976147462613881,"y":-0.9910426139831543,"z":0.13341237604618073,"w":0.005922224372625351},"size":2.686011791229248,"orthographic":false}