{"cameraMode":{"drawMode":0,"name":"Shaded","section":"Shading Mode"},"sceneLighting":false,"audioPlay":false,"sceneViewState":{"showFog":true,"showMaterialUpdate":true,"showSkybox":true,"showFlares":true,"showImageEffects":true,"showParticleSystems":true},"in2DMode":false,"pivot":{"x":44.251731872558597,"y":1.1979727745056153,"z":47.3908576965332},"rotation":{"x":0.01327156275510788,"y":0.976550817489624,"z":-0.2054044008255005,"w":0.06309831887483597},"size":10.895663261413575,"orthographic":false}