{"cameraMode":{"drawMode":0,"name":"Shaded","section":"Shading Mode"},"sceneLighting":false,"audioPlay":false,"sceneViewState":{"showFog":true,"showMaterialUpdate":true,"showSkybox":true,"showFlares":true,"showImageEffects":true,"showParticleSystems":true},"in2DMode":false,"pivot":{"x":43.782188415527347,"y":0.6399408578872681,"z":46.1782112121582},"rotation":{"x":0.0345601849257946,"y":-0.9308195114135742,"z":0.09134127199649811,"w":0.3521895408630371},"size":3.924553394317627,"orthographic":false}