{"cameraMode":{"drawMode":0,"name":"Shaded","section":"Shading Mode"},"sceneLighting":false,"audioPlay":false,"sceneViewState":{"showFog":true,"showMaterialUpdate":true,"showSkybox":true,"showFlares":true,"showImageEffects":true,"showParticleSystems":true},"in2DMode":false,"pivot":{"x":54.61030578613281,"y":-1.9784550666809083,"z":39.35780334472656},"rotation":{"x":0.06003681197762489,"y":0.9318827390670776,"z":-0.18145738542079926,"w":0.30832362174987795},"size":25.330169677734376,"orthographic":false}