{"cameraMode":{"drawMode":0,"name":"Shaded","section":"Shading Mode"},"sceneLighting":false,"audioPlay":false,"sceneViewState":{"showFog":true,"showMaterialUpdate":true,"showSkybox":true,"showFlares":true,"showImageEffects":true,"showParticleSystems":true},"in2DMode":false,"pivot":{"x":40.81407165527344,"y":4.279075622558594,"z":45.99684143066406},"rotation":{"x":-0.05602151155471802,"y":0.9181755185127258,"z":-0.14047232270240785,"w":-0.36617329716682436},"size":14.431018829345704,"orthographic":false}