{"cameraMode":{"drawMode":0,"name":"Shaded","section":"Shading Mode"},"sceneLighting":false,"audioPlay":false,"sceneViewState":{"showFog":true,"showMaterialUpdate":true,"showSkybox":true,"showFlares":true,"showImageEffects":true,"showParticleSystems":true},"in2DMode":false,"pivot":{"x":11.535881042480469,"y":-38.32415008544922,"z":1.014068603515625},"rotation":{"x":0.09000595659017563,"y":-0.9099207520484924,"z":0.2922923266887665,"w":0.2801935076713562},"size":72.63338470458985,"orthographic":false}