{"cameraMode":{"drawMode":0,"name":"Shaded","section":"Shading Mode"},"sceneLighting":false,"audioPlay":false,"sceneViewState":{"showFog":true,"showMaterialUpdate":true,"showSkybox":false,"showFlares":true,"showImageEffects":true,"showParticleSystems":true},"in2DMode":false,"pivot":{"x":14.301908493041993,"y":11.868234634399414,"z":2.9193572998046877},"rotation":{"x":-0.045501355081796649,"y":-0.951595664024353,"z":0.17346999049186707,"w":-0.249606654047966},"size":56.89554977416992,"orthographic":false}