{"cameraMode":{"drawMode":0,"name":"Shaded","section":"Shading Mode"},"sceneLighting":false,"audioPlay":false,"sceneViewState":{"showFog":true,"showMaterialUpdate":true,"showSkybox":true,"showFlares":true,"showImageEffects":true,"showParticleSystems":true},"in2DMode":false,"pivot":{"x":45.8621940612793,"y":3.7880098819732668,"z":43.10224914550781},"rotation":{"x":0.16874095797538758,"y":-0.6849749684333801,"z":0.1678543984889984,"w":0.6885932683944702},"size":7.117702960968018,"orthographic":false}