{"cameraMode":{"drawMode":0,"name":"Shaded","section":"Shading Mode"},"sceneLighting":false,"audioPlay":false,"sceneViewState":{"showFog":true,"showMaterialUpdate":true,"showSkybox":false,"showFlares":true,"showImageEffects":true,"showParticleSystems":true},"in2DMode":false,"pivot":{"x":-0.34284788370132449,"y":1.6275477409362794,"z":-0.44222021102905276},"rotation":{"x":0.0007976147462613881,"y":-0.9910426139831543,"z":0.13341237604618073,"w":0.005922224372625351},"size":7.006904125213623,"orthographic":false}