{"cameraMode":{"drawMode":0,"name":"Shaded","section":"Shading Mode"},"sceneLighting":false,"audioPlay":false,"sceneViewState":{"showFog":true,"showMaterialUpdate":true,"showSkybox":true,"showFlares":true,"showImageEffects":true,"showParticleSystems":true},"in2DMode":false,"pivot":{"x":39.8843994140625,"y":1.0363874435424805,"z":46.734066009521487},"rotation":{"x":0.00791654922068119,"y":-0.9891510605812073,"z":0.13467170298099519,"w":0.05814749374985695},"size":8.432449340820313,"orthographic":false}