{"cameraMode":{"drawMode":0,"name":"Shaded","section":"Shading Mode"},"sceneLighting":false,"audioPlay":false,"sceneViewState":{"showFog":true,"showMaterialUpdate":false,"showSkybox":false,"showFlares":true,"showImageEffects":true,"showParticleSystems":true},"in2DMode":false,"pivot":{"x":-0.13640213012695313,"y":-1.6078987121582032,"z":1.6405525207519532},"rotation":{"x":-0.002436795039102435,"y":0.9409461617469788,"z":-0.3384796380996704,"w":-0.006774175446480513},"size":785.5398559570313,"orthographic":false}