{"cameraMode":{"drawMode":0,"name":"Shaded","section":"Shading Mode"},"sceneLighting":true,"audioPlay":false,"sceneViewState":{"showFog":true,"showMaterialUpdate":true,"showSkybox":true,"showFlares":true,"showImageEffects":true,"showParticleSystems":true},"in2DMode":false,"pivot":{"x":-0.9048367142677307,"y":1.5827679634094239,"z":-1.0994949340820313},"rotation":{"x":-0.004076607525348663,"y":-0.9623671174049377,"z":0.2713371515274048,"w":-0.01446017250418663},"size":12.771702766418457,"orthographic":false}