{"cameraMode":{"drawMode":0,"name":"Shaded","section":"Shading Mode"},"sceneLighting":true,"audioPlay":false,"sceneViewState":{"showFog":true,"showMaterialUpdate":true,"showSkybox":true,"showFlares":true,"showImageEffects":true,"showParticleSystems":true},"in2DMode":false,"pivot":{"x":-0.8686676621437073,"y":1.1863031387329102,"z":0.3315763473510742},"rotation":{"x":0.0001782015460776165,"y":-0.9997634887695313,"z":0.019811660051345826,"w":0.008973730728030205},"size":4.041658878326416,"orthographic":false}