{"cameraMode":{"drawMode":0,"name":"Shaded","section":"Shading Mode"},"sceneLighting":false,"audioPlay":false,"sceneViewState":{"showFog":true,"showMaterialUpdate":true,"showSkybox":true,"showFlares":true,"showImageEffects":true,"showParticleSystems":true},"in2DMode":false,"pivot":{"x":39.02885818481445,"y":1.7099957466125489,"z":46.03902816772461},"rotation":{"x":-0.1526794135570526,"y":0.8345783352851868,"z":-0.2861587107181549,"w":-0.44528788328170779},"size":5.372983455657959,"orthographic":false}