{"cameraMode":{"drawMode":0,"name":"Shaded","section":"Shading Mode"},"sceneLighting":false,"audioPlay":false,"sceneViewState":{"showFog":true,"showMaterialUpdate":true,"showSkybox":false,"showFlares":true,"showImageEffects":true,"showParticleSystems":true},"in2DMode":false,"pivot":{"x":-0.7594751119613648,"y":-0.23957917094230653,"z":0.405245304107666},"rotation":{"x":-0.18565703928470612,"y":0.16051526367664338,"z":-0.030756456777453424,"w":-0.9689274430274963},"size":1.995804786682129,"orthographic":false}