{"cameraMode":{"drawMode":0,"name":"Shaded","section":"Shading Mode"},"sceneLighting":false,"audioPlay":false,"sceneViewState":{"showFog":true,"showMaterialUpdate":true,"showSkybox":true,"showFlares":true,"showImageEffects":true,"showParticleSystems":true},"in2DMode":false,"pivot":{"x":-31.789892196655275,"y":-11.281920433044434,"z":-18.939857482910158},"rotation":{"x":-0.13952302932739259,"y":0.8331456184387207,"z":-0.47626855969429018,"w":-0.2440696656703949},"size":20.000316619873048,"orthographic":false}