{"cameraMode":{"drawMode":0,"name":"Shaded","section":"Shading Mode"},"sceneLighting":true,"audioPlay":false,"sceneViewState":{"showFog":true,"showMaterialUpdate":true,"showSkybox":true,"showFlares":true,"showImageEffects":true,"showParticleSystems":true},"in2DMode":false,"pivot":{"x":-1.2746044397354127,"y":-0.42030763626098635,"z":-2.407810688018799},"rotation":{"x":0.02617752179503441,"y":0.9579874873161316,"z":-0.2701007127761841,"w":0.09284587949514389},"size":10.289860725402832,"orthographic":false}