{"cameraMode":{"drawMode":0,"name":"Shaded","section":"Shading Mode"},"sceneLighting":true,"audioPlay":false,"sceneViewState":{"showFog":true,"showMaterialUpdate":true,"showSkybox":true,"showFlares":true,"showImageEffects":true,"showParticleSystems":true},"in2DMode":false,"pivot":{"x":-2.3380231857299806,"y":1.6700541973114014,"z":-3.755892515182495},"rotation":{"x":-0.061424560844898227,"y":-0.9150775074958801,"z":0.1526683270931244,"w":-0.3681747615337372},"size":10.546984672546387,"orthographic":false}