{"cameraMode":{"drawMode":0,"name":"Shaded","section":"Shading Mode"},"sceneLighting":false,"audioPlay":false,"sceneViewState":{"showFog":true,"showMaterialUpdate":true,"showSkybox":false,"showFlares":true,"showImageEffects":true,"showParticleSystems":true},"in2DMode":false,"pivot":{"x":-11.071276664733887,"y":30.476896286010743,"z":44.01816940307617},"rotation":{"x":0.006357990670949221,"y":-0.9934588670730591,"z":0.07046838104724884,"w":0.08962926268577576},"size":5.542099475860596,"orthographic":false}