{"cameraMode":{"drawMode":0,"name":"Shaded","section":"Shading Mode"},"sceneLighting":false,"audioPlay":false,"sceneViewState":{"showFog":true,"showMaterialUpdate":true,"showSkybox":true,"showFlares":true,"showImageEffects":true,"showParticleSystems":true},"in2DMode":false,"pivot":{"x":8.565681457519532,"y":-2.9290075302124025,"z":-47.65431213378906},"rotation":{"x":-0.13902448117733003,"y":-0.8111032247543335,"z":0.21430909633636475,"w":-0.526170551776886},"size":19.88978385925293,"orthographic":false}