{"cameraMode":{"drawMode":0,"name":"Shaded","section":"Shading Mode"},"sceneLighting":true,"audioPlay":false,"sceneViewState":{"showFog":true,"showMaterialUpdate":true,"showSkybox":true,"showFlares":true,"showImageEffects":true,"showParticleSystems":true},"in2DMode":false,"pivot":{"x":-0.10144703090190888,"y":2.3266820907592775,"z":-2.212594509124756},"rotation":{"x":0.002687151078134775,"y":-0.9864786267280579,"z":0.16305989027023316,"w":0.01625458337366581},"size":9.725172996520996,"orthographic":false}