{"cameraMode":{"drawMode":0,"name":"Shaded","section":"Shading Mode"},"sceneLighting":false,"audioPlay":false,"sceneViewState":{"showFog":true,"showMaterialUpdate":true,"showSkybox":true,"showFlares":true,"showImageEffects":true,"showParticleSystems":true},"in2DMode":false,"pivot":{"x":43.81429672241211,"y":0.12000000476837158,"z":42.709999084472659},"rotation":{"x":0.09000595659017563,"y":-0.9099207520484924,"z":0.2922923266887665,"w":0.2801935076713562},"size":5.087031364440918,"orthographic":false}