{"cameraMode":{"drawMode":0,"name":"Shaded","section":"Shading Mode"},"sceneLighting":false,"audioPlay":false,"sceneViewState":{"showFog":true,"showMaterialUpdate":true,"showSkybox":true,"showFlares":true,"showImageEffects":true,"showParticleSystems":true},"in2DMode":false,"pivot":{"x":35.4493522644043,"y":7.289730072021484,"z":49.78496170043945},"rotation":{"x":-0.05602151155471802,"y":0.9181755185127258,"z":-0.14047232270240785,"w":-0.36617329716682436},"size":5.565521240234375,"orthographic":false}