{"cameraMode":{"drawMode":0,"name":"Shaded","section":"Shading Mode"},"sceneLighting":false,"audioPlay":false,"sceneViewState":{"showFog":true,"showMaterialUpdate":true,"showSkybox":true,"showFlares":true,"showImageEffects":true,"showParticleSystems":true},"in2DMode":false,"pivot":{"x":39.17266082763672,"y":0.13294172286987306,"z":45.76890182495117},"rotation":{"x":0.09000595659017563,"y":-0.9099207520484924,"z":0.2922923266887665,"w":0.2801935076713562},"size":9.192192077636719,"orthographic":false}