{"cameraMode":{"drawMode":0,"name":"Shaded","section":"Shading Mode"},"sceneLighting":false,"audioPlay":false,"sceneViewState":{"showFog":true,"showMaterialUpdate":true,"showSkybox":false,"showFlares":true,"showImageEffects":true,"showParticleSystems":true},"in2DMode":false,"pivot":{"x":-20.018497467041017,"y":-18.614240646362306,"z":10.690052032470704},"rotation":{"x":-0.011846770532429219,"y":-0.9408937096595764,"z":0.3368736505508423,"w":-0.03308897465467453},"size":2.8578836917877199,"orthographic":false}