{"cameraMode":{"drawMode":0,"name":"Shaded","section":"Shading Mode"},"sceneLighting":true,"audioPlay":false,"sceneViewState":{"showFog":true,"showMaterialUpdate":true,"showSkybox":true,"showFlares":true,"showImageEffects":true,"showParticleSystems":true},"in2DMode":false,"pivot":{"x":-6.994694709777832,"y":1.9703006744384766,"z":-7.163511276245117},"rotation":{"x":-0.0019132263259962202,"y":0.9347110986709595,"z":-0.35536783933639529,"w":-0.005031857173889875},"size":39.14686584472656,"orthographic":false}