{"cameraMode":{"drawMode":0,"name":"Shaded","section":"Shading Mode"},"sceneLighting":false,"audioPlay":false,"sceneViewState":{"showFog":true,"showMaterialUpdate":true,"showSkybox":false,"showFlares":true,"showImageEffects":true,"showParticleSystems":true},"in2DMode":false,"pivot":{"x":42.79999923706055,"y":-4.457500457763672,"z":46.15999984741211},"rotation":{"x":0.16874095797538758,"y":-0.6849749684333801,"z":0.1678543984889984,"w":0.6885932683944702},"size":3.954573392868042,"orthographic":false}