{"cameraMode":{"drawMode":0,"name":"Shaded","section":"Shading Mode"},"sceneLighting":false,"audioPlay":false,"sceneViewState":{"showFog":true,"showMaterialUpdate":true,"showSkybox":false,"showFlares":true,"showImageEffects":true,"showParticleSystems":true},"in2DMode":false,"pivot":{"x":0.0,"y":0.8963674306869507,"z":-0.006636381149291992},"rotation":{"x":-0.23065239191055299,"y":-0.21561136841773988,"z":0.05249308422207832,"w":-0.9473941922187805},"size":4.672729015350342,"orthographic":false}