{"cameraMode":{"drawMode":0,"name":"Shaded","section":"Shading Mode"},"sceneLighting":false,"audioPlay":false,"sceneViewState":{"showFog":true,"showMaterialUpdate":true,"showSkybox":false,"showFlares":true,"showImageEffects":true,"showParticleSystems":true},"in2DMode":false,"pivot":{"x":1.772693157196045,"y":1.3726098537445069,"z":2.771592378616333},"rotation":{"x":-0.23065239191055299,"y":-0.21561136841773988,"z":0.05249308422207832,"w":-0.9473941922187805},"size":22.0,"orthographic":false}