{"cameraMode":{"drawMode":0,"name":"Shaded","section":"Shading Mode"},"sceneLighting":true,"audioPlay":false,"sceneViewState":{"showFog":true,"showMaterialUpdate":true,"showSkybox":true,"showFlares":true,"showImageEffects":true,"showParticleSystems":true},"in2DMode":false,"pivot":{"x":4.359535217285156,"y":6.0721635818481449,"z":0.204096257686615},"rotation":{"x":0.17059090733528138,"y":-0.6731069087982178,"z":0.16387419402599336,"w":0.7006933689117432},"size":3.626981735229492,"orthographic":false}