{"cameraMode":{"drawMode":0,"name":"Shaded","section":"Shading Mode"},"sceneLighting":true,"audioPlay":false,"sceneViewState":{"showFog":true,"showMaterialUpdate":true,"showSkybox":true,"showFlares":true,"showImageEffects":true,"showParticleSystems":true},"in2DMode":false,"pivot":{"x":-1.4190034866333008,"y":1.1993685960769654,"z":-5.952678680419922},"rotation":{"x":-0.11153443902730942,"y":-0.8179767727851868,"z":0.1694890260696411,"w":-0.5382821559906006},"size":3.876155376434326,"orthographic":false}