{"cameraMode":{"drawMode":0,"name":"Shaded","section":"Shading Mode"},"sceneLighting":false,"audioPlay":false,"sceneViewState":{"showFog":true,"showMaterialUpdate":true,"showSkybox":true,"showFlares":true,"showImageEffects":true,"showParticleSystems":true},"in2DMode":false,"pivot":{"x":-2.079446792602539,"y":19.130672454833986,"z":6.764862060546875},"rotation":{"x":-0.03777029365301132,"y":0.9567580223083496,"z":-0.14490719139575959,"w":-0.24937830865383149},"size":50.59026336669922,"orthographic":false}