{"cameraMode":{"drawMode":0,"name":"Shaded","section":"Shading Mode"},"sceneLighting":true,"audioPlay":false,"sceneViewState":{"showFog":true,"showMaterialUpdate":true,"showSkybox":true,"showFlares":true,"showImageEffects":true,"showParticleSystems":true},"in2DMode":false,"pivot":{"x":47.347537994384769,"y":1.3948380947113038,"z":44.705467224121097},"rotation":{"x":0.1289377212524414,"y":0.016595564782619478,"z":-0.0021580911707133056,"w":0.9915114641189575},"size":4.498245716094971,"orthographic":false}