{"cameraMode":{"drawMode":0,"name":"Shaded","section":"Shading Mode"},"sceneLighting":false,"audioPlay":false,"sceneViewState":{"showFog":true,"showMaterialUpdate":true,"showSkybox":true,"showFlares":true,"showImageEffects":true,"showParticleSystems":true},"in2DMode":false,"pivot":{"x":43.709999084472659,"y":1.0360000133514405,"z":46.29899978637695},"rotation":{"x":0.09000595659017563,"y":-0.9099207520484924,"z":0.2922923266887665,"w":0.2801935076713562},"size":5.8805952072143559,"orthographic":false}