{"cameraMode":{"drawMode":0,"name":"Shaded","section":"Shading Mode"},"sceneLighting":false,"audioPlay":false,"sceneViewState":{"showFog":true,"showMaterialUpdate":true,"showSkybox":false,"showFlares":true,"showImageEffects":true,"showParticleSystems":true},"in2DMode":false,"pivot":{"x":562.0,"y":289.4351501464844,"z":22.68886947631836},"rotation":{"x":0.13259415328502656,"y":-0.8376119136810303,"z":0.23345433175563813,"w":0.47573554515838625},"size":2087.64208984375,"orthographic":false}