{"cameraMode":{"drawMode":0,"name":"Shaded","section":"Shading Mode"},"sceneLighting":false,"audioPlay":false,"sceneViewState":{"showFog":true,"showMaterialUpdate":true,"showSkybox":true,"showFlares":true,"showImageEffects":true,"showParticleSystems":true},"in2DMode":false,"pivot":{"x":24.76885223388672,"y":-49.31123352050781,"z":21.521448135375978},"rotation":{"x":-0.13952302932739259,"y":0.8331456184387207,"z":-0.47626855969429018,"w":-0.2440696656703949},"size":65.54074096679688,"orthographic":false}