{"cameraMode":{"drawMode":0,"name":"Shaded","section":"Shading Mode"},"sceneLighting":false,"audioPlay":false,"sceneViewState":{"showFog":true,"showMaterialUpdate":true,"showSkybox":false,"showFlares":true,"showImageEffects":true,"showParticleSystems":true},"in2DMode":false,"pivot":{"x":42.73426055908203,"y":-4.332363128662109,"z":46.067256927490237},"rotation":{"x":0.16874095797538758,"y":-0.6849749684333801,"z":0.1678543984889984,"w":0.6885932683944702},"size":3.954573392868042,"orthographic":false}