{"cameraMode":{"drawMode":0,"name":"Shaded","section":"Shading Mode"},"sceneLighting":true,"audioPlay":false,"sceneViewState":{"showFog":true,"showMaterialUpdate":true,"showSkybox":true,"showFlares":true,"showImageEffects":true,"showParticleSystems":true},"in2DMode":false,"pivot":{"x":-3.393339157104492,"y":5.398508548736572,"z":-1.2822589874267579},"rotation":{"x":-0.011202981695532799,"y":-0.983871579170227,"z":0.16566292941570283,"w":-0.06653643399477005},"size":15.357465744018555,"orthographic":false}