{"cameraMode":{"drawMode":0,"name":"Shaded","section":"Shading Mode"},"sceneLighting":false,"audioPlay":false,"sceneViewState":{"showFog":true,"showMaterialUpdate":true,"showSkybox":false,"showFlares":true,"showImageEffects":true,"showParticleSystems":true},"in2DMode":false,"pivot":{"x":-9.380000114440918,"y":29.247957229614259,"z":45.40999984741211},"rotation":{"x":-0.045501355081796649,"y":-0.951595664024353,"z":0.17346999049186707,"w":-0.249606654047966},"size":5.542099475860596,"orthographic":false}