{"cameraMode":{"drawMode":0,"name":"Shaded","section":"Shading Mode"},"sceneLighting":false,"audioPlay":false,"sceneViewState":{"showFog":true,"showMaterialUpdate":true,"showSkybox":true,"showFlares":true,"showImageEffects":true,"showParticleSystems":true},"in2DMode":false,"pivot":{"x":-3.33259916305542,"y":4.065567493438721,"z":-43.424285888671878},"rotation":{"x":0.16874095797538758,"y":-0.6849749684333801,"z":0.1678543984889984,"w":0.6885932683944702},"size":11.415956497192383,"orthographic":false}