{"cameraMode":{"drawMode":0,"name":"Shaded","section":"Shading Mode"},"sceneLighting":false,"audioPlay":false,"sceneViewState":{"showFog":true,"showMaterialUpdate":true,"showSkybox":true,"showFlares":true,"showImageEffects":true,"showParticleSystems":true},"in2DMode":false,"pivot":{"x":36.14826583862305,"y":4.715449333190918,"z":50.16926574707031},"rotation":{"x":0.03625698760151863,"y":-0.9626666307449341,"z":0.1650666445493698,"w":0.21145085990428925},"size":7.190674304962158,"orthographic":false}