{"cameraMode":{"drawMode":0,"name":"Shaded","section":"Shading Mode"},"sceneLighting":true,"audioPlay":false,"sceneViewState":{"showFog":true,"showMaterialUpdate":true,"showSkybox":true,"showFlares":true,"showImageEffects":true,"showParticleSystems":true},"in2DMode":false,"pivot":{"x":-8.170217514038086,"y":0.8246917724609375,"z":25.885120391845704},"rotation":{"x":0.036058299243450168,"y":-0.9448251724243164,"z":0.11135302484035492,"w":0.30595070123672488},"size":28.18683624267578,"orthographic":false}