{"cameraMode":{"drawMode":0,"name":"Shaded","section":"Shading Mode"},"sceneLighting":false,"audioPlay":false,"sceneViewState":{"showFog":true,"showMaterialUpdate":true,"showSkybox":true,"showFlares":true,"showImageEffects":true,"showParticleSystems":true},"in2DMode":false,"pivot":{"x":-5.831682205200195,"y":5.719851493835449,"z":-48.24382019042969},"rotation":{"x":0.2362818717956543,"y":-0.15781038999557496,"z":0.03892282396554947,"w":0.9579936265945435},"size":10.665729522705079,"orthographic":false}