{"cameraMode":{"drawMode":0,"name":"Shaded","section":"Shading Mode"},"sceneLighting":false,"audioPlay":false,"sceneViewState":{"showFog":true,"showMaterialUpdate":true,"showSkybox":true,"showFlares":true,"showImageEffects":true,"showParticleSystems":true},"in2DMode":false,"pivot":{"x":54.1926155090332,"y":6.266739845275879,"z":57.976165771484378},"rotation":{"x":0.04030768573284149,"y":-0.9323800206184387,"z":0.10988739877939224,"w":0.34200525283813479},"size":-6.786654472351074,"orthographic":false}