{"cameraMode":{"drawMode":0,"name":"Shaded","section":"Shading Mode"},"sceneLighting":true,"audioPlay":false,"sceneViewState":{"showFog":true,"showMaterialUpdate":true,"showSkybox":true,"showFlares":true,"showImageEffects":true,"showParticleSystems":true},"in2DMode":false,"pivot":{"x":-0.49016380310058596,"y":1.5804121494293213,"z":-1.2729027271270753},"rotation":{"x":-0.0866740420460701,"y":-0.8461185097694397,"z":0.14507998526096345,"w":-0.5054928064346314},"size":10.546984672546387,"orthographic":false}