{"cameraMode":{"drawMode":0,"name":"Shaded","section":"Shading Mode"},"sceneLighting":false,"audioPlay":false,"sceneViewState":{"showFog":true,"showMaterialUpdate":true,"showSkybox":false,"showFlares":true,"showImageEffects":true,"showParticleSystems":true},"in2DMode":false,"pivot":{"x":0.17579686641693116,"y":0.7559818029403687,"z":-0.22908973693847657},"rotation":{"x":-0.045501355081796649,"y":-0.951595664024353,"z":0.17346999049186707,"w":-0.249606654047966},"size":3.3441178798675539,"orthographic":false}