{"cameraMode":{"drawMode":0,"name":"Shaded","section":"Shading Mode"},"sceneLighting":false,"audioPlay":false,"sceneViewState":{"showFog":true,"showMaterialUpdate":true,"showSkybox":false,"showFlares":true,"showImageEffects":true,"showParticleSystems":true},"in2DMode":false,"pivot":{"x":1.98105788230896,"y":1.4013134241104127,"z":2.3260724544525148},"rotation":{"x":-0.1446816474199295,"y":-0.3162866532802582,"z":0.04887495934963226,"w":-0.9362912178039551},"size":1.072784185409546,"orthographic":false}