{"cameraMode":{"drawMode":0,"name":"Shaded","section":"Shading Mode"},"sceneLighting":false,"audioPlay":false,"sceneViewState":{"showFog":true,"showMaterialUpdate":true,"showSkybox":true,"showFlares":true,"showImageEffects":true,"showParticleSystems":true},"in2DMode":false,"pivot":{"x":-6.464221000671387,"y":-1.636648178100586,"z":-22.848857879638673},"rotation":{"x":-0.2615303099155426,"y":0.6039633750915527,"z":-0.21931065618991853,"w":-0.7202312350273132},"size":57.80231857299805,"orthographic":false}