{"cameraMode":{"drawMode":0,"name":"Shaded","section":"Shading Mode"},"sceneLighting":false,"audioPlay":false,"sceneViewState":{"showFog":true,"showMaterialUpdate":true,"showSkybox":false,"showFlares":true,"showImageEffects":true,"showParticleSystems":true},"in2DMode":false,"pivot":{"x":-1.134190559387207,"y":-0.5764179229736328,"z":-0.40522193908691409},"rotation":{"x":-0.04287801682949066,"y":-0.9533646106719971,"z":0.1634688526391983,"w":-0.2500706613063812},"size":22.0,"orthographic":false}